,브랜드,상품명
280,삐아 (Bbia),라스트 벨벳 립 틴트5
281,삐아 (Bbia),라스트 벨벳 립 틴트 4
282,삐아 (Bbia),라스트 벨벳 립 틴트3
283,블랙루즈 (BLACKROUGE),에어 핏 벨벳틴트3
284,헤라 (HERA),센슈얼 스파이시 누드 글로스
285,블랙루즈 (BLACKROUGE),에어 핏 벨벳틴트2
286,블랙루즈 (BLACKROUGE),에어 핏 벨벳틴트
287,입생로랑 (YSL),베르니 아 레브르 바이닐 크림
288,어퓨 (Apieu),과즙팡 무스 틴트
289,KVD 비건뷰티 (KVD VEGAN BEAUTY),에버라스팅 리퀴드 립스틱
290,롬앤 (rom&nd),쥬시 래스팅 틴트
291,랑콤 (LANCOME),압솔뤼 에나멜 라커
292,맥 (MAC),샷 오브 컬러 립 오일
293,비바이바닐라 (B by BANILA),립라이크 립슬립 틴트
294,삐아 (Bbia),라스트 벨벳 립 틴트1
295,디어달리아 (DEARDAHLIA),파라다이스 드림 벨벳 립 무스
296,로레알 파리 (LOREAL PARIS),루즈 시그니처
297,홀리카홀리카 (HOLIKA HOLIKA),하트크러쉬 글로우 틴트 에어
298,컬러그램톡 (colorgram:TOK),썬더볼 벨벳 틴트
299,웨이크메이크 (WAKEMAKE),무스 톡 틴트
300,나스 (NARS),새틴 립 펜슬
301,나스 (NARS),벨벳 매트 립 펜슬
302,메이크업포에버 (MAKE UP FOR EVER),아티스트 립 블러쉬
303,더페이스샵 (THE FACE SHOP),크리미 터치 립라이너
304,맥 (MAC),페이턴트폴리쉬 립 펜슬
305,마몽드 (Mamonde),크리미 틴트 컬러 밤 인텐스
306,맥 (MAC),립 펜슬
307,마몽드 (Mamonde),크리미 틴트 컬러밤 글라이드
308,웨이크메이크 (WAKEMAKE),철벽 컬러 립 초크
309,더페이스샵 (THE FACE SHOP),플랫 벨벳 스틱
310,레브론 (REVLON),컬러버스트 매트밤
311,에뛰드 (ETUDE),소프트 터치 오토 립 라이너 AD
312,어퓨 (Apieu),컬러 립 펜슬 [매트]
313,미샤 (MISSHA),립펜슬 이탈프리즘 - 매트
314,마몽드 (Mamonde),크리미 틴트 컬러 밤 라이트
315,부르조아 (BOURJOIS),써니스틱
316,미샤 (MISSHA),립펜슬 이탈프리즘 - 멜티
317,스킨푸드 (SKINFOOD),비타 컬러 딜리셔스 스트로(벨벳)
318,더샘 (the SAEM),샘물 스머지 립 크레용
