,상품명
1281,이니스프리 왁스
1282,새한화장품 휘니쉬
1283,마쉐리 EX
1284,지비에이치 코스메틱 미스트
1285,루시도엘 수퍼하드
1286,포레스트 스토리 워터스프레이
1287,러쉬 알앤비
1288,폴미첼 스프레이
1289,네이처리퍼블릭 스프레이
1290,TS TS착한헤어왁스
1291,에쏘띠 픽서
1292,다슈 스프레이
1293,착한팩토리 헤어픽서
1294,아모스프로페셔널 스프레이
1295,세바스찬 텍스처라이저
1296,아모스프로페셔널 왁스
1298,아베다 크림
1299,러쉬 데이
1300,웰라 프로페셔널즈 탈색제
1301,로레알 프로페셔널 파리 쿨커버
1302,로레알 프로페셔널 파리 염색약
1303,마몽드 섀도우
1304,사랑새 매니큐어
1305,리엔 염색
1306,더페이스샵 섀도우
1307,헤이 헤어컬러
1308,더페이스샵 퍼프
1309,웰라 프로페셔널즈 염모제
1311,토니모리 블리치
1312,아리따움 블리치
1313,페인토즈 페인트
1314,려 헤어쿠션
1315,시세이도 프로페셔널 스트레이트
1316,에뛰드 컬러
1317,네이처리퍼블릭 라이너
1318,셀리한센 블리치
1319,로레알 파리 크림
1320,웻브러쉬 브러쉬
1321,탱글티저 오리지널
1322,아베다 브러시
